날짜,지역,시간,평균온도,최고온도,최저온도,예보
2021년 01월 13일 (수)요일,경기도 고양시일산동구 백석2동,18,3.0,-999.0,-999.0,맑음
2021년 01월 13일 (수)요일,경기도 고양시일산동구 백석2동,21,-1.0,-999.0,-999.0,맑음
2021년 01월 13일 (수)요일,경기도 고양시일산동구 백석2동,24,-3.0,-999.0,-999.0,맑음
2021년 01월 13일 (수)요일,경기도 고양시일산동구 백석2동,3,-5.0,6.0,-7.0,맑음
2021년 01월 13일 (수)요일,경기도 고양시일산동구 백석2동,6,-6.0,6.0,-7.0,맑음
2021년 01월 13일 (수)요일,경기도 고양시일산동구 백석2동,9,-4.0,6.0,-7.0,맑음
2021년 01월 13일 (수)요일,경기도 고양시일산동구 백석2동,12,3.0,6.0,-7.0,맑음
2021년 01월 13일 (수)요일,경기도 고양시일산동구 백석2동,15,5.0,6.0,-7.0,맑음
2021년 01월 13일 (수)요일,경기도 고양시일산동구 백석2동,18,1.0,6.0,-7.0,맑음
2021년 01월 13일 (수)요일,경기도 고양시일산동구 백석2동,21,0.0,6.0,-7.0,맑음
2021년 01월 13일 (수)요일,경기도 고양시일산동구 백석2동,24,1.0,6.0,-7.0,구름 많음
2021년 01월 13일 (수)요일,경기도 고양시일산동구 백석2동,3,1.0,9.0,1.0,흐림
2021년 01월 13일 (수)요일,경기도 고양시일산동구 백석2동,6,1.0,9.0,1.0,흐림
2021년 01월 13일 (수)요일,경기도 고양시일산동구 백석2동,9,4.0,9.0,1.0,흐림
2021년 01월 13일 (수)요일,경기도 고양시일산동구 백석2동,12,8.0,9.0,1.0,흐림
2021년 01월 13일 (수)요일,경기도 고양시일산동구 백석2동,15,8.0,9.0,1.0,비
2021년 01월 13일 (수)요일,경기도 고양시일산동구 백석2동,18,5.0,9.0,1.0,흐림
2021년 01월 13일 (수)요일,경기도 고양시일산동구 백석2동,21,2.0,9.0,1.0,흐림
2021년 01월 13일 (수)요일,경기도 고양시일산동구 백석2동,24,-2.0,9.0,1.0,흐림
