movie_title,imdb_score,content_rating,title_year
The Dark Knight Rises,8.5,PG-13,2012.0
The Avengers,8.1,PG-13,2012.0
Captain America: Civil War,8.2,PG-13,2016.0
Guardians of the Galaxy,8.1,PG-13,2014.0
Interstellar,8.6,PG-13,2014.0
The Martian,8.1,PG-13,2015.0
The Help,8.1,PG-13,2011.0
Warrior,8.2,PG-13,2011.0
The Imitation Game,8.1,PG-13,2014.0
Samsara,8.5,PG-13,2011.0
"Batman: The Dark Knight Returns, Part 2",8.4,PG-13,2013.0
Growing Up Smith,8.2,PG-13,2015.0
Queen of the Mountains,8.7,PG-13,2014.0
A Separation,8.4,PG-13,2011.0
