{"response":
    {"header":{"resultCode":"00","resultMsg":"NORMAL SERVICE."},
    "body":{"items":{"item":
                         [{"balPayments":1712643409,"expCnt":65901,"expDlr":5040734289,"impCnt":479142,"impDlr":3328090880,"statCd":"US","statCdCntnKor1":"미국","year":2016.01},
                          {"balPayments":2164527900,"expCnt":67678,"expDlr":5222510363,"impCnt":445862,"impDlr":3057982463,"statCd":"US","statCdCntnKor1":"미국","year":2016.02},
                          {"balPayments":2750771862,"expCnt":82576,"expDlr":6544965121,"impCnt":524001,"impDlr":3794193259,"statCd":"US","statCdCntnKor1":"미국","year":2016.03},
                          {"balPayments":2518356181,"expCnt":75119,"expDlr":5823758110,"impCnt":509671,"impDlr":3305401929,"statCd":"US","statCdCntnKor1":"미국","year":2016.04},
                          {"balPayments":1781463684,"expCnt":75575,"expDlr":5669349924,"impCnt":502068,"impDlr":3887886240,"statCd":"US","statCdCntnKor1":"미국","year":2016.05},
                          {"balPayments":2219056667,"expCnt":78235,"expDlr":6053158794,"impCnt":475660,"impDlr":3834102127,"statCd":"US","statCdCntnKor1":"미국","year":2016.06},
                          {"balPayments":1837683330,"expCnt":74147,"expDlr":5290588215,"impCnt":483624,"impDlr":3452904885,"statCd":"US","statCdCntnKor1":"미국","year":2016.07},
                          {"balPayments":1176429011,"expCnt":72711,"expDlr":4818513003,"impCnt":501422,"impDlr":3642083992,"statCd":"US","statCdCntnKor1":"미국","year":2016.08},
                          {"balPayments":1716644868,"expCnt":75012,"expDlr":5132437801,"impCnt":507997,"impDlr":3415792933,"statCd":"US","statCdCntnKor1":"미국","year":2016.09},
                          {"balPayments":1844932307,"expCnt":77414,"expDlr":5401982445,"impCnt":544386,"impDlr":3557050138,"statCd":"US","statCdCntnKor1":"미국","year":"2016.10"}]
                    },
            "numOfRows":10,"pageNo":1,"totalCount":60}
    }
}

{"response":{"header":{"resultCode":"00","resultMsg":"NORMAL SERVICE."},
"body":{"items":{"item":{"balPayments":1712643409,"expCnt":65901,"expDlr":5040734289,"impCnt":479142,"impDlr":3328090880,"statCd":"US","statCdCntnKor1":"미국","year":2016.01}},
"numOfRows":10,"pageNo":1,"totalCount":1}}}